,ProductName,Price,Rating,ExchangeOffer,EMIOption,compressortypes,adpattype,energysaving_percentage,stars,fridgeinside,compressorwarranty,productwarranty,fridgecapacity
0,Samsung,15890.0,4.5,12000.0,No Cost EMI,Digital Inverter Compressor,Good for couples,45,4 Star,Toughened Glass Shelves,10 Years,1 Year,192 L
1,Samsung,11790.0,4.4,4500.0,No Cost EMI,Normal Compressor,Good for couples,20,2 Star,Toughened Glass Shelves,10 Years,1 Year,192 L
2,Samsung,15890.0,4.5,12000.0,No Cost EMI,Digital Inverter Compressor,Good for couples,45,4 Star,Toughened Glass Shelves,10 Years,1 Year,192 L
3,Haier,12490.0,4.4,4500.0,,Reciprocatory Compressor,Good for couples,45,4 Star,Toughened Glass Shelves,10 Years,1 Year,195 L
4,Samsung,17290.0,4.5,12000.0,No Cost EMI,Digital Inverter Compressor,Good for couples,55,5 Star,Toughened Glass Shelves,10 Years,1 Year,198 L
5,Samsung,16290.0,4.5,12000.0,No Cost EMI,Digital Inverter Compressor,Good for couples,55,5 Star,Toughened Glass Shelves,10 Years,1 Year,198 L
6,Godrej,15790.0,4.5,12000.0,No Cost EMI,Hygiene Plus Inverter Compressor,Good for couples,55,5 Star,Toughened Glass Shelves,10 Years,1 Year,190 L
7,Samsung,14850.0,4.3,12000.0,No Cost EMI,Digital Inverter Compressor,Good for couples,35,3 Star,Toughened Glass Shelves,10 Years,1 Year,212 L
8,LG,15890.0,4.4,12000.0,No Cost EMI,Smart Inverter Compressor,Good for couples,45,4 Star,Toughened Glass Shelves,10 Years,1 Year,190 L
9,Godrej,12990.0,4.3,12000.0,No Cost EMI,Reciprocating,Good for couples,20,2 Star,Toughened Glass Shelves,10 Years,1 Year,190 L
10,Whirlpool,10790.0,4.3,4500.0,No Cost EMI,Normal Compressor,Good for couples,20,2 Star,Wired Shelves,10 Years,1 Year,190 L
11,Samsung,12790.0,4.3,12000.0,No Cost EMI,Normal Compressor,Good for couples,20,2 Star,Toughened Glass Shelves,10 Years,1 Year,192 L
12,Whirlpool,14490.0,4.3,12000.0,,DC Inverter Compressor,Good for couples,45,4 Star,Toughened Glass Shelves,10 Years,1 Year,190 L
13,Samsung,14390.0,4.4,12000.0,No Cost EMI,Digital Inverter Compressor,Good for couples,45,4 Star,Toughened Glass Shelves,10 Years,1 Year,192 L
14,Samsung,14690.0,4.4,12000.0,No Cost EMI,Digital Inverter Compressor,Good for couples,45,4 Star,Toughened Glass Shelves,10 Years,1 Year,192 L
15,Whirlpool,11490.0,4.3,4500.0,No Cost EMI,Normal Compressor,Good for couples,35,3 Star,Wired Shelves,10 Years,1 Year,190 L
16,LG,15890.0,4.3,12000.0,,Smart Inverter Compressor,Good for couples,45,4 Star,Toughened Glass Shelves,10 Years,1 Year,190 L
17,Samsung,17750.0,4.4,12000.0,No Cost EMI,Digital Inverter Compressor,Good for couples,35,3 Star,Toughened Glass Shelves,10 Years,1 Year,230 L
18,Godrej,12290.0,4.3,4500.0,No Cost EMI,Inverter,Good for couples,35,3 Star,Toughened Glass Shelves,10 Years,1 Year,190 L
19,LG,14990.0,4.4,12000.0,No Cost EMI,Smart Inverter Compressor,Good for couples,45,4 Star,Toughened Glass Shelves,10 Years,1 Year,190 L
20,Samsung,11090.0,4.2,4500.0,No Cost EMI,Normal Compressor,Good for couples,55,1 Star,Toughened Glass Shelves,10 Years,1 Year,192 L
21,Godrej,15190.0,,0.0,,Hygiene Plus Inverter Compressor,Good for couples,20,5 Star,Toughened Glass Shelves,10 Years,1 Year,190 L
22,Haier,9990.0,4.2,4500.0,No Cost EMI,Reciprocatory Compressor,Good for couples,20,2 Star,Toughened Glass Shelves,10 Years,1 Year,190 L
23,Whirlpool,11490.0,4.3,4500.0,No Cost EMI,Normal Compressor,Good for couples,35,2 Star,Toughened Glass Shelves,10 Years,1 Year,190 L
24,Onida,10490.0,4.2,4500.0,No Cost EMI,Reciprocatory Compressor,Good for couples,20,3 Star,Toughened Glass Shelves,5 Years,1 Year,190 L
25,Haier,9990.0,4.2,4500.0,No Cost EMI,Reciprocatory Compressor,Good for couples,45,2 Star,Toughened Glass Shelves,10 Years,1 Year,190 L
26,Whirlpool,15490.0,4.3,12000.0,No Cost EMI,DC Inverter Compressor,Good for couples,35,4 Star,Toughened Glass Shelves,10 Years,1 Year,200 L
27,Whirlpool,12290.0,4.3,4500.0,No Cost EMI,Non Inverter Compressor,Good for couples,20,3 Star,Toughened Glass Shelves,10 Years,1 Year,190 L
28,Samsung,12790.0,4.3,12000.0,No Cost EMI,Normal Compressor,Good for couples,20,2 Star,Toughened Glass Shelves,10 Years,1 Year,192 L
29,Haier,11490.0,4.2,4500.0,No Cost EMI,Reciprocatory Compressor,Good for couples,45,2 Star,Toughened Glass Shelves,10 Years,1 Year,190 L
30,Whirlpool,12990.0,4.3,12000.0,No Cost EMI,DC Inverter Compressor,Good for couples,20,4 Star,Toughened Glass Shelves,10 Years,1 Year,190 L
31,MarQ,8999.0,4.1,4500.0,No Cost EMI,Reciprocatory Compressor,Good for couples,20,2 Star,Toughened Glass Shelves,5 Years,1 Year,170 L
32,Godrej,10990.0,4.4,4500.0,No Cost EMI,Reciprocatory Compressor,Good for couples,35,2 Star,Wired Shelves,10 Years,1 Year,190 L
33,Samsung,13890.0,4.3,12000.0,No Cost EMI,Digital Inverter Compressor,Good for couples,55,3 Star,Toughened Glass Shelves,10 Years,1 Year,192 L
34,Whirlpool,18240.0,4.3,12000.0,No Cost EMI,DC Inverter Compressor,Good for couples,35,5 Star,Toughened Glass Shelves,10 Years,1 Year,215 L
35,Whirlpool,11490.0,4.3,4500.0,No Cost EMI,Normal Compressor,Good for couples,35,3 Star,Wired Shelves,10 Years,1 Year,190 L
36,Whirlpool,11490.0,4.3,4500.0,No Cost EMI,Normal Compressor,Good for couples,45,3 Star,Wired Shelves,10 Years,1 Year,190 L
37,Godrej,14790.0,4.4,12000.0,No Cost EMI,Intelligent Inverter Compressor,Good for couples,45,4 Star,Toughened Glass Shelves,10 Years,1 Year,190 L
38,LG,13990.0,4.5,12000.0,No Cost EMI,Smart Inverter Compressor,Good for couples,35,4 Star,Toughened Glass Shelves,10 Years,1 Year,190 L
39,MarQ,10999.0,4.4,4500.0,No Cost EMI,Reciprocatory Compressor,Good for couples,45,3 Star,Toughened Glass Shelves,5 Years,1 Year,195 L
40,LG,14890.0,4.5,12000.0,No Cost EMI,Smart Inverter Compressor,Good for couples,55,4 Star,Toughened Glass Shelves,10 Years,1 Year,190 L
41,Samsung,17490.0,4.5,12000.0,No Cost EMI,Digital Inverter Compressor,Good for families,45,5 Star,Toughened Glass Shelves,10 Years,1 Year,198 L
42,LG,19490.0,4.4,12000.0,No Cost EMI,Smart Inverter Compressor,Good for families,45,4 Star,Toughened Glass Shelves,10 Years,1 Year,235 L
43,LG,19790.0,4.4,12000.0,No Cost EMI,Smart Inverter Compressor,Good for couples,35,4 Star,Toughened Glass Shelves,10 Years,1 Year,235 L
44,Whirlpool,14990.0,4.3,0.0,No Cost EMI,Normal Compressor,Good for couples,20,3 Star,Toughened Glass Shelves,10 Years,1 Year,200 L
45,Whirlpool,10790.0,4.3,4500.0,No Cost EMI,Normal Compressor,Good for couples,45,2 Star,Wired Shelves,10 Years,1 Year,190 L
46,Whirlpool,13490.0,4.3,12000.0,,DC Inverter Compressor,Good for couples,35,4 Star,Toughened Glass Shelves,10 Years,1 Year,190 L
47,Haier,13790.0,4.2,12000.0,No Cost EMI,Reciprocatory Compressor,Good for couples,45,3 Star,Toughened Glass Shelves,10 Years,1 Year,220 L
48,Whirlpool,13490.0,4.3,12000.0,,DC Inverter Compressor,Good for couples,35,4 Star,Toughened Glass Shelves,10 Years,1 Year,190 L
49,Samsung,13899.0,4.3,0.0,,Digital Inverter Compressor,Good for families,45,3 Star,Toughened Glass Shelves,10 Years,1 Year,192 L
50,LG,19290.0,4.4,0.0,,Smart Inverter Compressor,Good for couples,20,4 Star,Toughened Glass Shelves,10 Years,1 Year,235 L
51,Whirlpool,12490.0,4.3,4500.0,,Normal Compressor,Good for couples,20,2 Star,Toughened Glass Shelves,10 Years,1 Year,190 L
52,Haier,9790.0,4.2,4500.0,No Cost EMI,Reciprocatory Compressor,Good for couples,20,2 Star,Wired Shelves,10 Years,1 Year,170 L
53,Whirlpool,10790.0,4.3,4500.0,No Cost EMI,Normal Compressor,Good for couples,35,2 Star,Wired Shelves,10 Years,1 Year,190 L
54,Onida,10490.0,4.2,4500.0,No Cost EMI,Reciprocatory Compressor,Good for couples,45,3 Star,Toughened Glass Shelves,5 Years,1 Year,190 L
55,LG,15399.0,4.4,0.0,,Smart Inverter Compressor,Good for couples,20,4 Star,Toughened Glass Shelves,10 Years,1 Year,190 L
56,Whirlpool,12490.0,4.3,4500.0,,Normal Compressor,Good for couples,45,2 Star,Toughened Glass Shelves,10 Years,1 Year,190 L
57,LG,18190.0,4.6,12000.0,No Cost EMI,Inverter Compressor,Good for families,35,4 Star,Toughened Glass Shelves,10 Years,1 Year,215 L
58,Samsung,19790.0,4.4,12000.0,No Cost EMI,Digital Inverter Compressor,Good for couples,45,3 Star,Toughened Glass Shelves,10 Years,1 Year,255 L
59,LG,14990.0,4.5,12000.0,No Cost EMI,Smart Inverter Compressor,Good for couples,45,4 Star,Toughened Glass Shelves,10 Years,1 Year,190 L
60,LG,14990.0,4.4,12000.0,No Cost EMI,Smart Inverter Compressor,Good for couples,20,4 Star,Toughened Glass Shelves,10 Years,1 Year,190 L
61,Haier,11490.0,4.2,4500.0,No Cost EMI,Reciprocatory Compressor,Good for couples,45,2 Star,Toughened Glass Shelves,10 Years,1 Year,190 L
62,Whirlpool,14490.0,4.3,12000.0,No Cost EMI,DC Inverter Compressor,Good for families,45,4 Star,Toughened Glass Shelves,10 Years,1 Year,190 L
63,LG,19490.0,4.4,12000.0,No Cost EMI,Smart Inverter Compressor,Good for bachelors,45,4 Star,Toughened Glass Shelves,10 Years,1 Year,235 L
64,Hisense,8490.0,4.2,4500.0,No Cost EMI,Reciprocatory Compressor,Good for couples,20,1 Star,Toughened Glass Shelves,10 Years,1 Year,93 L
65,LG,17290.0,4.4,0.0,,Smart Inverter Compressor,Good for couples,45,4 Star,Toughened Glass Shelves,10 Years,1 Year,215 L
66,Haier,9990.0,4.3,4500.0,No Cost EMI,Reciprocatory Compressor,Good for couples,35,2 Star,Toughened Glass Shelves,10 Years,1 Year,181 L
67,Haier,14790.0,4.4,12000.0,No Cost EMI,Reciprocatory Compressor,Good for couples,55,4 Star,Toughened Glass Shelves,10 Years,1 Year,195 L
68,Samsung,13890.0,4.4,12000.0,No Cost EMI,Digital Inverter Compressor,Good for couples,45,3 Star,Toughened Glass Shelves,10 Years,1 Year,192 L
69,Samsung,18400.0,4.5,0.0,,Digital Inverter Compressor,Good for couples,45,5 Star,Toughened Glass Shelves,10 Years,1 Year,198 L
70,LG,16990.0,4.2,0.0,No Cost EMI,Smart Inverter Compressor,Good for couples,55,4 Star,Toughened Glass Shelves,10 Years,1 Year,215 L
71,LG,15590.0,4.3,0.0,,Smart Inverter Compressor,Good for couples,30,4 Star,Toughened Glass Shelves,10 Years,1 Year,190 L
72,Whirlpool,18740.0,4.3,12000.0,No Cost EMI,DC Inverter Compressor,Good for couples,45,5 Star,Toughened Glass Shelves,10 Years,1 Year,215 L
73,Godrej,6190.0,4.2,4500.0,No Cost EMI,Wired Shelves,Good for couples,55,4 Star,2019 BEE Rating Year,10 Years,1 Year,30 L
74,Whirlpool,16240.0,4.3,12000.0,No Cost EMI,IntelliSense Inverter Compressor,Good for couples,45,5 Star,Toughened Glass Shelves,10 Years,1 Year,215 L
75,Whirlpool,17240.0,4.3,12000.0,No Cost EMI,DC Inverter Compressor,Good for couples,35,4 Star,Toughened Glass Shelves,10 Years,1 Year,215 L
76,Whirlpool,15490.0,4.3,12000.0,No Cost EMI,IntelliSense Inverter Compressor,Good for couples,35,3 Star,Toughened Glass Shelves,10 Years,1 Year,200 L
77,Samsung,14590.0,4.4,12000.0,No Cost EMI,Digital Inverter Compressor,Good for couples,35,3 Star,Toughened Glass Shelves,10 Years,1 Year,192 L
78,Haier,13790.0,4.4,0.0,No Cost EMI,Reciprocatory Compressor,Good for couples,35,3 Star,Toughened Glass Shelves,10 Years,1 Year,220 L
79,Whirlpool,14990.0,4.3,0.0,No Cost EMI,Normal Compressor,Good for couples,45,3 Star,Toughened Glass Shelves,10 Years,1 Year,200 L
80,Whirlpool,13448.0,4.3,0.0,,Normal Compressor,Good for couples,35,4 Star,Toughened Glass Shelves,10 Years,1 Year,200 L
81,Whirlpool,14490.0,4.3,12000.0,No Cost EMI,DC Inverter Compressor,Good for couples,45,3 Star,Toughened Glass Shelves,10 Years,1 Year,200 L
82,Whirlpool,13288.0,4.3,0.0,,Normal Compressor,Good for couples,45,4 Star,Toughened Glass Shelves,10 Years,1 Year,200 L
83,Samsung,16210.0,4.5,0.0,,Digital Inverter Compressor,Good for couples,20,4 Star,Toughened Glass Shelves,10 Years,1 Year,198 L
84,Whirlpool,16490.0,4.3,12000.0,No Cost EMI,IntelliSense Inverter Compressor,Good for families,35,2 Star,Toughened Glass Shelves,5 Years,1 Year,200 L
85,MarQ,8999.0,4.1,4500.0,No Cost EMI,Reciprocatory Compressor,Good for couples,35,3 Star,Toughened Glass Shelves,10 Years,1 Year,170 L
86,LG,22990.0,4.0,0.0,,Inverter Compressor,Good for couples,35,3 Star,Toughened Glass Shelves,10 Years,1 Year,270 L
87,Whirlpool,14430.0,4.3,0.0,,Normal Compressor,Good for couples,35,3 Star,Toughened Glass Shelves,10 Years,1 Year,200 L
88,Samsung,13790.0,4.4,12000.0,No Cost EMI,Digital Inverter Compressor,Good for couples,45,3 Star,Toughened Glass Shelves,10 Years,1 Year,192 L
89,Samsung,13820.0,4.6,0.0,,Digital Inverter Compressor,Good for couples,45,4 Star,Toughened Glass Shelves,10 Years,1 Year,192 L
90,LG,15190.0,4.4,12000.0,No Cost EMI,Smart Inverter Compressor,Good for couples,35,4 Star,Toughened Glass Shelves,10 Years,1 Year,190 L
91,Whirlpool,14990.0,4.3,12000.0,No Cost EMI,DC Inverter Compressor,Good for couples,35,3 Star,Toughened Glass Shelves,10 Years,1 Year,190 L
92,Samsung,14999.0,4.7,0.0,,Digital Inverter Compressor,Good for couples,45,3 Star,Toughened Glass Shelves,10 Years,1 Year,192 L
93,Godrej,12290.0,4.3,4500.0,No Cost EMI,Inverter,Good for couples,45,4 Star,Toughened Glass Shelves,10 Years,1 Year,190 L
94,Samsung,17700.0,4.5,0.0,,Digital Inverter Compressor,Good for couples,35,4 Star,Toughened Glass Shelves,10 Years,1 Year,198 L
95,LG,17490.0,4.4,0.0,,Smart Inverter Compressor,Good for couples,35,3 Star,Toughened Glass Shelves,10 Years,1 Year,215 L
96,Whirlpool,13990.0,4.2,0.0,,Rotary,Good for families,55,3 Star,Toughened Glass Shelves,10 Years,1 Year,190 L
97,Samsung,14990.0,4.4,0.0,,Digital Inverter Compressor,Good for couples,35,5 Star,Toughened Glass Shelves,10 Years,1 Year,192 L
98,LG,19990.0,4.4,12000.0,,Inverter Compressor,Good for couples,45,3 Star,Toughened Glass Shelves,10 Years,1 Year,235 L
99,Whirlpool,14350.0,4.2,0.0,,Normal Compressor,Good for couples,35,4 Star,Toughened Glass Shelves,10 Years,1 Year,190 L
100,Samsung,17000.0,4.2,0.0,,Digital Inverter Compressor,Good for couples,20,3 Star,Toughened Glass Shelves,5 Years,1 Year,198 L
101,LG,13090.0,4.3,12000.0,No Cost EMI,Conventional Compressor,Good for couples,20,2 Star,Toughened Glass Shelves,10 Years,1 Year,188 L
102,Hisense,11490.0,4.8,4500.0,No Cost EMI,Reciprocatory Compressor,Good for couples,45,2 Star,Toughened Glass Shelves,10 Years,1 Year,185 L
103,Samsung,13640.0,,0.0,,Normal Compressor,Good for couples,45,4 Star,Toughened Glass Shelves,10 Years,1 Year,192 L
104,Samsung,15590.0,4.4,12000.0,No Cost EMI,Digital Inverter Compressor,Good for couples,35,4 Star,Toughened Glass Shelves,10 Years,1 Year,192 L
105,Whirlpool,17699.0,,0.0,,Digital Compressor,Good for couples,45,3 Star,Toughened Glass Shelves,10 Years,1 Year,200 L
106,Haier,14290.0,4.5,0.0,,Reciprocatory Compressor,Good for couples,35,4 Star,Toughened Glass Shelves,10 Years,1 Year,195 L
107,Whirlpool,13490.0,4.3,12000.0,No Cost EMI,DC Inverter Compressor,Good for couples,35,3 Star,Toughened Glass Shelves,10 Years,1 Year,190 L
108,Samsung,14900.0,4.6,0.0,,Digital Inverter Compressor,Good for couples,45,3 Star,Toughened Glass Shelves,10 Years,1 Year,192 L
109,Whirlpool,14740.0,4.2,12000.0,No Cost EMI,DC Inverter Compressor,Good for families,35,4 Star,Toughened Glass Shelves,5 Years,1 Year,215 L
110,Haier,16999.0,4.4,0.0,,Reciprocatory Compressor,Good for couples,45,3 Star,Toughened Glass Shelves,10 Years,1 Year,195 L
111,LG,17490.0,4.3,12000.0,No Cost EMI,Normal Compressor,Good for couples,35,4 Star,Toughened Glass Shelves,10 Years,1 Year,235 L
112,Whirlpool,13990.0,4.3,12000.0,No Cost EMI,DC Inverter Compressor,Good for couples,35,3 Star,Toughened Glass Shelves,10 Years,1 Year,190 L
113,Godrej,13790.0,4.3,12000.0,,Reciprocatory Compressor,Good for couples,20,3 Star,Toughened Glass Shelves,10 Years,1 Year,190 L
114,LG,13489.0,4.5,0.0,,Smart Inverter Compressor,Good for couples,45,2 Star,Toughened Glass Shelves,10 Years,1 Year,188 L
115,Whirlpool,12490.0,4.3,4500.0,No Cost EMI,Normal Compressor,Good for couples,35,4 Star,Toughened Glass Shelves,10 Years,1 Year,190 L
116,Whirlpool,17740.0,4.3,12000.0,No Cost EMI,DC Inverter Compressor,Good for couples,35,3 Star,Toughened Glass Shelves,10 Years,1 Year,215 L
117,Whirlpool,15130.0,4.6,0.0,,Digital Inverter,Good for couples,35,3 Star,Toughened Glass Shelves,10 Years,1 Year,200 L
118,Whirlpool,14350.0,4.3,0.0,,Normal Compressor,Good for couples,35,3 Star,Toughened Glass Shelves,10 Years,1 Year,200 L
119,Samsung,16300.0,,0.0,,Digital Inverter Compressor,Good for couples,35,3 Star,Toughened Glass Shelves,10 Years,1 Year,198 L
120,Whirlpool,14350.0,4.3,0.0,,Normal Compressor,Good for families,35,3 Star,Toughened Glass Shelves,10 Years,1 Year,200 L
121,Samsung,16300.0,,0.0,,Digital Inverter Compressor,Good for couples,20,3 Star,Toughened Glass Shelves,5 Years,1 Year,198 L
122,LG,22990.0,3.8,0.0,,Inverter Compressor,Good for couples,35,2 Star,Toughened Glass Shelves,10 Years,1 Year,270 L
123,LG,13900.0,3.7,0.0,,Non Inverter,Good for couples,35,3 Star,Toughened Glass Shelves,10 Years,1 Year,188 L
124,Whirlpool,14950.0,4.3,0.0,,Normal Compressor,Good for couples,20,3 Star,Toughened Glass Shelves,10 Years,1 Year,200 L
125,Samsung,13197.0,,0.0,,Digital Inverter Compressor,Good for couples,35,2 Star,Toughened Glass Shelves,10 Years,1 Year,192 L
126,Samsung,13640.0,,0.0,,Normal Compressor,Good for couples,20,3 Star,Toughened Glass Shelves,10 Years,1 Year,192 L
127,Whirlpool,14740.0,4.2,12000.0,No Cost EMI,DC Inverter Compressor,Good for couples,55,2 Star,Toughened Glass Shelves,10 Years,1 Year,215 L
128,Samsung,14649.0,4.6,0.0,,Normal Compressor,Good for couples,35,5 Star,Toughened Glass Shelves,5 Years,1 Year,192 L
129,LG,16790.0,4.6,12000.0,No Cost EMI,Inverter Compressor,Good for couples,45,3 Star,Toughened Glass Shelves,10 Years,1 Year,190 L
130,LG,13290.0,4.5,12000.0,No Cost EMI,Normal Compressor,Good for couples,45,4 Star,Toughened Glass Shelves,10 Years,1 Year,190 L
131,Samsung,14820.0,4.3,0.0,,Digital Inverter Compressor,Good for couples,20,4 Star,Toughened Glass Shelves,5 Years,1 Year,198 L
132,Godrej,15990.0,4.4,12000.0,No Cost EMI,Inverter Compressor,Good for couples,35,2 Star,Toughened Glass Shelves,10 Years,1 Year,210 L
133,LG,13600.0,3.7,0.0,,Conventional Compressor,Good for couples,35,3 Star,Toughened Glass Shelves,10 Years,1 Year,185 L
134,Whirlpool,17139.0,,0.0,,Digital Compressor,Good for couples,20,3 Star,Toughened Glass Shelves,10 Years,1 Year,215 L
135,Whirlpool,14495.0,,0.0,,Digital Inverter,Good for couples,45,2 Star,Toughened Glass Shelves,10 Years,1 Year,200 L
136,Samsung,13490.0,4.8,0.0,,Normal Compressor,Good for couples,20,4 Star,Toughened Glass Shelves,5 Years,1 Year,192 L
137,Whirlpool,14990.0,4.3,12000.0,No Cost EMI,DC Inverter Compressor,Good for couples,45,2 Star,Toughened Glass Shelves,10 Years,1 Year,200 L
138,Croma,8990.0,4.8,0.0,,Normal Compressor,Good for couples,35,4 Star,Toughened Glass Shelves,10 Years,1 Year,170 L
139,Haier,13790.0,4.4,12000.0,,Reciprocatory Compressor,Good for couples,45,3 Star,Toughened Glass Shelves,10 Years,1 Year,195 L
140,Samsung,16100.0,4.2,0.0,,Digital Inverter Compressor,Good for couples,35,4 Star,Toughened Glass Shelves,10 Years,1 Year,198 L
141,Whirlpool,16490.0,4.3,0.0,,DC Inverter Compressor,Good for couples,35,3 Star,Toughened Glass Shelves,10 Years,1 Year,200 L
142,LG,13700.0,4.6,0.0,,Smart Inverter Compressor,Good for couples,35,3 Star,Toughened Glass Shelves,10 Years,1 Year,188 L
143,Whirlpool,12290.0,4.3,4500.0,No Cost EMI,Normal Compressor,Good for couples,35,3 Star,Toughened Glass Shelves,10 Years,1 Year,190 L
144,Haier,14400.0,4.1,0.0,,Normal,Good for couples,45,3 Star,Toughened Glass Shelves,10 Years,1 Year,192 L
145,Whirlpool,13790.0,4.3,12000.0,,Normal Compressor,Good for couples,20,4 Star,Toughened Glass Shelves,10 Years,1 Year,190 L
146,LG,17790.0,4.4,12000.0,No Cost EMI,Smart Inverter Compressor,Good for couples,35,2 Star,Toughened Glass Shelves,10 Years,1 Year,215 L
147,Whirlpool,14980.0,,0.0,,Normal Compressor,Good for couples,35,3 Star,Toughened Glass Shelves,10 Years,1 Year,200 L
148,Whirlpool,15999.0,4.6,0.0,,Inverter Compressor,Good for couples,35,3 Star,Toughened Glass Shelves,5 Years,1 Year,200 L
149,Godrej,15290.0,4.4,0.0,No Cost EMI,Reciprocatory Compressor,Good for couples,35,3 Star,Toughened Glass Shelves,10 Years,1 Year,210 L
150,MarQ,10299.0,4.3,4500.0,No Cost EMI,Reciprocatory Compressor,Good for couples,35,3 Star,Toughened Glass Shelves,10 Years,1 Year,180 L
151,Godrej,12900.0,4.6,0.0,,Reciprocatory Compressor,Good for couples,45,3 Star,Toughened Glass Shelves,10 Years,1 Year,200 L
152,Samsung,14865.0,4.6,0.0,,Digital Inverter Compressor,Good for couples,35,4 Star,Toughened Glass Shelves,10 Years,1 Year,192 L
153,Haier,12770.0,4.3,0.0,,Reciprocatory Compressor,Good for couples,35,3 Star,Toughened Glass Shelves,10 Years,1 Year,195 L
154,Haier,14480.0,,0.0,,Reciprocatory Compressor,Good for families,35,3 Star,Toughened Glass Shelves,10 Years,1 Year,195 L
155,Samsung,14990.0,4.4,0.0,,Digital Inverter Compressor,Good for couples,35,3 Star,Toughened Glass Shelves,10 Years,1 Year,215 L
156,LG,22990.0,3.8,0.0,,Inverter Compressor,Good for couples,45,3 Star,Toughened Glass Shelves,10 Years,1 Year,270 L
157,Whirlpool,16980.0,,0.0,,Normal Compressor,Good for couples,45,4 Star,Toughened Glass Shelves,10 Years,1 Year,200 L
158,LG,15008.0,4.4,0.0,,Smart Inverter Compressor,Good for couples,35,4 Star,Toughened Glass Shelves,10 Years,1 Year,190 L
159,Samsung,16500.0,,0.0,,Digital Inverter Compressor,Good for couples,20,3 Star,Toughened Glass Shelves,10 Years,1 Year,198 L
160,Whirlpool,14490.0,,0.0,,NORMAL COMPRESSOR,Good for couples,35,2 Star,Toughened Glass Shelves,5 Years,1 Year,200 L
161,Godrej,10849.0,4.4,0.0,,Reciprocatory Compressor,Good for couples,45,3 Star,Wired Shelves,10 Years,1 Year,181 L
162,LG,15999.0,4.4,0.0,,Smart Inverter Compressor,Good for couples,20,4 Star,Toughened Glass Shelves,10 Years,1 Year,190 L
163,Samsung,22510.0,4.5,0.0,,Inverter Compressor,Good for couples,45,2 Star,Toughened Glass Shelves,10 Years,1 Year,230 L
164,Croma,8990.0,4.8,0.0,,Normal Compressor,Good for couples,20,4 Star,Toughened Glass Shelves,10 Years,1 Year,170 L
165,LG,17899.0,4.4,0.0,,Smart Inverter Compressor,Good for families,45,2 Star,Toughened Glass Shelves,10 Years,1 Year,215 L
166,LG,12459.0,,0.0,,Digital compressor,Good for couples,20,4 Star,Toughened Glass Shelves,10 Years,1 Year,185 L
167,LG,19290.0,4.0,0.0,,Inverter Compressor,Good for families,45,2 Star,Toughened Glass Shelves,10 Years,1 Year,235 L
168,LG,12459.0,,0.0,,Digital compressor,Good for couples,35,4 Star,Toughened Glass Shelves,10 Years,1 Year,185 L
169,LG,19290.0,4.0,0.0,,Inverter Compressor,Good for couples,35,3 Star,Toughened Glass Shelves,10 Years,1 Year,235 L
170,Samsung,14980.0,4.2,0.0,,Digital Inverter Compressor,Good for couples,35,3 Star,Toughened Glass Shelves,10 Years,1 Year,198 L
171,Haier,14172.0,,0.0,,Normal Compressor,Good for couples,35,3 Star,Toughened Glass Shelves,10 Years,1 Year,192 L
172,Samsung,18100.0,4.6,0.0,,Digital Inverter Compressor,Good for couples,35,3 Star,Toughened Glass Shelves,10 Years,1 Year,212 L
173,Godrej,13599.0,4.3,0.0,,Reciprocatory Compressor,Good for couples,35,3 Star,Wired Shelves,10 Years,1 Year,190 L
174,Whirlpool,12960.0,4.4,0.0,,Digital Compressor,Good for couples,35,3 Star,Toughened Glass Shelves,10 Years,1 Year,200 L
175,Whirlpool,13290.0,4.3,12000.0,No Cost EMI,Normal Compressor,Good for couples,55,3 Star,Toughened Glass Shelves,10 Years,1 Year,190 L
176,Whirlpool,16240.0,4.2,12000.0,No Cost EMI,DC Inverter Compressor,Good for couples,55,5 Star,Toughened Glass Shelves,10 Years,1 Year,215 L
177,Samsung,17790.0,3.9,0.0,,Digital Inverter Compressor,Good for couples,35,5 Star,Toughened Glass Shelves,10 Years,1 Year,198 L
178,Liebherr,18200.0,5.0,0.0,,Rotary,Good for couples,45,3 Star,Toughened Glass Shelves,10 Years,1 Year,220 L
179,LG,18290.0,4.3,0.0,No Cost EMI,Smart Inverter Compressor,Good for couples,35,4 Star,Toughened Glass Shelves,5 Years,1 Year,215 L
180,Samsung,17000.0,4.5,0.0,,Digital Inverter Compressor,Good for couples,35,3 Star,Toughened Glass Shelves,10 Years,1 Year,198 L
181,Haier,14499.0,3.7,0.0,,Reciprocating Compressor,Good for couples,20,3 Star,Toughened Glass Shelves,10 Years,1 Year,220 L
182,Samsung,17990.0,4.2,0.0,,Digital Inverter Compressor,Good for couples,45,2 Star,Toughened Glass Shelves,10 Years,1 Year,215 L
183,Croma,8990.0,4.8,0.0,,Normal Compressor,Good for couples,45,4 Star,Toughened Glass Shelves,10 Years,1 Year,170 L
184,Whirlpool,16740.0,4.3,12000.0,No Cost EMI,DC Inverter Compressor,Good for couples,45,4 Star,Toughened Glass Shelves,10 Years,1 Year,215 L
185,Godrej,13990.0,4.3,0.0,No Cost EMI,Reciprocating Compressor,Good for couples,35,4 Star,Toughened Glass Shelves,10 Years,1 Year,190 L
186,Samsung,16800.0,4.1,0.0,,Digital Inverter Compressor,Good for couples,35,3 Star,Toughened Glass Shelves,10 Years,1 Year,198 L
187,Samsung,19370.0,,0.0,,Digital Inverter Compressor,Good for couples,45,3 Star,Toughened Glass Shelves,10 Years,1 Year,230 L
188,LG,14990.0,4.0,0.0,No Cost EMI,Smart Inverter Compressor,Good for couples,35,4 Star,Toughened Glass Shelves,10 Years,1 Year,188 L
189,Whirlpool,17740.0,4.3,12000.0,No Cost EMI,DC Inverter Compressor,Good for families,45,3 Star,Toughened Glass Shelves,10 Years,1 Year,215 L
190,Samsung,15200.0,4.1,0.0,,Digital Inverter,Good for families,35,4 Star,Toughened Glass Shelves,10 Years,1 Year,192 L
191,Samsung,16500.0,4.4,0.0,,Digital Inverter Compressor,Good for families,35,3 Star,Toughened Glass Shelves,10 Years,1 Year,212 L
192,LG,24490.0,4.4,14000.0,No Cost EMI,Smart Inverter Compressor,Good for families,35,3 Star,Toughened Glass Shelves,10 Years,1 Year,260 L
193,Samsung,23040.0,4.3,12000.0,No Cost EMI,Digital Inverter Compressor,Good for families,35,3 Star,Toughened Glass Shelves,10 Years,1 Year,253 L
194,LG,24290.0,4.4,12000.0,No Cost EMI,Smart Inverter Compressor,Good for families,35,3 Star,Toughened Glass Shelves,10 Years,1 Year,260 L
195,Samsung,25990.0,4.3,12000.0,No Cost EMI,Digital Inverter Compressor,Good for families,35,3 Star,Toughened Glass Shelves,10 Years,1 Year,244 L
196,Whirlpool,23740.0,4.3,12000.0,,Digital Inverter,Good for families,20,3 Star,Toughened Glass Shelves,10 Years,1 Year,265 L
197,Samsung,25790.0,4.3,14500.0,No Cost EMI,Digital Inverter Compressor,Good for families,20,2 Star,Toughened Glass Shelves,10 Years,1 Year,253 L
198,Samsung,20290.0,4.4,12000.0,No Cost EMI,Digital Inverter Compressor,Good for families,35,2 Star,Toughened Glass Shelves,10 Years,1 Year,253 L
199,Godrej,17990.0,4.3,12000.0,No Cost EMI,Inverter Compressor,Good for families,20,3 Star,Toughened Glass Shelves,10 Years,1 Year,236 L
200,Haier,20190.0,4.4,12000.0,No Cost EMI,Inverter Compressor,Good for families,35,2 Star,Toughened Glass Shelves,10 Years,1 Year,258 L
201,Haier,18990.0,4.4,12000.0,,Reciprocatory Compressor,Good for families,35,3 Star,Toughened Glass Shelves,10 Years,1 Year,258 L
202,Samsung,31990.0,4.3,12000.0,No Cost EMI,Digital Inverter Compressor,Good for families,35,3 Star,Toughened Glass Shelves,10 Years,1 Year,324 L
203,Samsung,23590.0,4.3,12000.0,No Cost EMI,Digital Inverter Compressor,Good for families,35,3 Star,Toughened Glass Shelves,10 Years,1 Year,253 L
204,Samsung,33990.0,4.3,12000.0,No Cost EMI,Digital Inverter Compressor,Good for families,35,3 Star,Toughened Glass Shelves,10 Years,1 Year,345 L
205,Whirlpool,23740.0,4.3,12000.0,No Cost EMI,Digital Inverter,Good for families,35,3 Star,Toughened Glass Shelves,10 Years,1 Year,265 L
206,LG,34490.0,4.5,12000.0,,Inverter Linear,Good for families,20,3 Star,Toughened Glass Shelves,10 Years,1 Year,335 L
207,Samsung,26790.0,4.3,12000.0,No Cost EMI,Digital Inverter Compressor,Good for families,20,2 Star,Toughened Glass Shelves,10 Years,1 Year,275 L
208,Whirlpool,21490.0,4.3,12000.0,No Cost EMI,Digital Inverter,Good for families,35,2 Star,Toughened Glass Shelves,10 Years,1 Year,265 L
209,Godrej,17490.0,4.2,12000.0,No Cost EMI,Inverter Compressor,Good for families,20,3 Star,Toughened Glass Shelves,10 Years,1 Year,236 L
210,Whirlpool,29990.0,4.3,12000.0,,Normal Compressor,Good for families,20,2 Star,Toughened Glass Shelves,10 Years,1 Year,340 L
211,Whirlpool,18990.0,4.3,12000.0,No Cost EMI,Normal Compressor,Good for large,20,2 Star,Toughened Glass Shelves,10 Years,1 Year,245 L
212,Haier,24990.0,4.4,12000.0,No Cost EMI,Reciprocatory Compressor,Good for families,35,2 Star,Toughened Glass Shelves,10 Years,1 Year,347 L
213,Whirlpool,18990.0,4.3,12000.0,No Cost EMI,Normal Compressor,Good for families,35,3 Star,Toughened Glass Shelves,10 Years,1 Year,245 L
214,LG,42990.0,4.5,12000.0,No Cost EMI,Smart Inverter Compressor,Good for large,20,3 Star,Toughened Glass Shelves,10 Years,1 Year,420 L
215,Whirlpool,26490.0,4.3,12000.0,,Normal Compressor,Good for families,35,2 Star,Toughened Glass Shelves,10 Years,1 Year,292 L
216,Samsung,21990.0,4.3,12000.0,No Cost EMI,Digital Inverter Compressor,Good for families,20,3 Star,Toughened Glass Shelves,10 Years,1 Year,253 L
217,Samsung,42990.0,4.3,12000.0,No Cost EMI,Digital Inverter Compressor,Good for families,35,2 Star,Toughened Glass Shelves,10 Years,1 Year,415 L
218,Whirlpool,19990.0,4.3,12000.0,No Cost EMI,Rotary Compressor,Good for families,35,3 Star,Toughened Glass Shelves,10 Years,1 Year,265 L
219,Samsung,23590.0,4.3,12000.0,No Cost EMI,Digital Inverter Compressor,Good for families,20,3 Star,Toughened Glass Shelves,10 Years,1 Year,253 L
220,LG,30790.0,4.3,12000.0,,Inverter Linear,Good for families,20,2 Star,Toughened Glass Shelves,10 Years,1 Year,308 L
221,Whirlpool,18990.0,4.3,12000.0,No Cost EMI,Normal Compressor,Good for families,35,2 Star,Toughened Glass Shelves,10 Years,1 Year,245 L
222,LG,32990.0,4.6,12000.0,No Cost EMI,Smart Inverter Compressor,Good for families,20,3 Star,Toughened Glass Shelves,10 Years,1 Year,335 L
223,Samsung,23040.0,4.3,12000.0,No Cost EMI,Digital Inverter Compressor,Good for families,35,2 Star,Toughened Glass Shelves,10 Years,1 Year,253 L
224,Whirlpool,18490.0,4.3,12000.0,No Cost EMI,Normal Compressor,Good for families,20,3 Star,Toughened Glass Shelves,10 Years,1 Year,245 L
225,Samsung,25990.0,4.3,12000.0,No Cost EMI,Digital Inverter Compressor,Good for families,35,2 Star,Toughened Glass Shelves,10 Years,1 Year,244 L
226,Godrej,17990.0,4.3,12000.0,No Cost EMI,Inverter Compressor,Good for families,20,3 Star,Toughened Glass Shelves,10 Years,1 Year,236 L
227,Samsung,33400.0,4.0,0.0,,Digital Inverter Compressor,Good for families,20,2 Star,Toughened Glass Shelves,10 Years,1 Year,345 L
228,Whirlpool,21990.0,4.3,12000.0,No Cost EMI,Normal Compressor,Good for families,35,2 Star,Toughened Glass Shelves,10 Years,1 Year,265 L
229,LG,20990.0,4.4,12000.0,No Cost EMI,Smart Inverter Compressor,Good for families,35,3 Star,Toughened Glass Shelves,10 Years,1 Year,260 L
230,Whirlpool,29618.0,4.3,0.0,,Intellisense Inverter,Good for families,20,3 Star,Toughened Glass Shelves,10 Years,1 Year,340 L
231,Motorola,21999.0,4.4,12000.0,No Cost EMI,Inverter Compressor,Good for families,20,2 Star,Toughened Glass Shelves,10 Years,1 Year,271 L
232,LG,25490.0,4.3,12000.0,,Smart Inverter Compressor,Good for families,35,2 Star,Toughened Glass Shelves,10 Years,1 Year,260 L
233,Whirlpool,19985.0,4.3,0.0,,Rotary Compressor,Good for families,20,3 Star,Toughened Glass Shelves,10 Years,1 Year,265 L
234,Motorola,24990.0,4.4,12000.0,No Cost EMI,Inverter Compressor,Good for large,35,1 Star,Toughened Glass Shelves,10 Years,1 Year,308 L
235,Godrej,16490.0,4.3,12000.0,No Cost EMI,Reciprocatory Compressor,Good for families,35,2 Star,Toughened Glass Shelves,10 Years,1 Year,231 L
236,Whirlpool,20990.0,4.3,12000.0,No Cost EMI,Normal Compressor,Good for families,20,3 Star,Toughened Glass Shelves,10 Years,1 Year,265 L
237,LG,38990.0,4.6,12000.0,,Inverter Linear Compressor,Good for families,20,3 Star,Toughened Glass Shelves,10 Years,1 Year,360 L
238,Whirlpool,42990.0,4.3,12000.0,No Cost EMI,Digital Inverter,Good for families,35,2 Star,Toughened Glass Shelves,10 Years,1 Year,440 L
239,Whirlpool,20990.0,4.3,12000.0,,Normal Compressor,Good for families,20,2 Star,Toughened Glass Shelves,10 Years,1 Year,265 L
240,Samsung,23090.0,4.3,12000.0,No Cost EMI,Digital Inverter Compressor,Good for families,35,3 Star,Toughened Glass Shelves,10 Years,1 Year,253 L
241,LG,23990.0,4.3,12000.0,No Cost EMI,Digital Inverter Compressor,Good for families,20,2 Star,Toughened Glass Shelves,10 Years,1 Year,260 L
242,Whirlpool,18930.0,4.2,0.0,,Reciprocatory Compressor,Good for families,35,3 Star,Toughened Glass Shelves,10 Years,1 Year,245 L
243,Samsung,23590.0,4.3,12000.0,No Cost EMI,Digital Inverter Compressor,Good for families,35,2 Star,Toughened Glass Shelves,10 Years,1 Year,253 L
244,Samsung,29690.0,4.4,12000.0,No Cost EMI,Digital Inverter Compressor,Good for families,35,3 Star,Toughened Glass Shelves,10 Years,1 Year,324 L
245,Whirlpool,26490.0,4.3,12000.0,No Cost EMI,Digital Inverter Technology Compressor,Good for families,35,3 Star,Toughened Glass Shelves,10 Years,1 Year,292 L
246,Panasonic,27990.0,4.5,12000.0,No Cost EMI,Inverter Compressor,Good for families,35,3 Star,Toughened Glass Shelves,10 Years,1 Year,307 L
247,Samsung,23040.0,4.3,12000.0,No Cost EMI,Digital Inverter Compressor,Good for families,35,3 Star,Toughened Glass Shelves,10 Years,1 Year,253 L
248,LG,24990.0,4.2,12000.0,No Cost EMI,Inverter Linear Compressor,Good for families,20,3 Star,Toughened Glass Shelves,10 Years,1 Year,260 L
249,Whirlpool,22990.0,4.3,12000.0,No Cost EMI,Digital Inverter,Good for families,35,1 Star,Toughened Glass Shelves,10 Years,1 Year,265 L
250,Godrej,16490.0,4.3,12000.0,No Cost EMI,Reciprocatory Compressor,Good for families,35,3 Star,Toughened Glass Shelves,10 Years,1 Year,231 L
251,Samsung,25990.0,4.3,12000.0,No Cost EMI,Digital Inverter Compressor,Good for families,20,2 Star,Toughened Glass Shelves,10 Years,1 Year,244 L
252,Haier,22990.0,4.3,12000.0,No Cost EMI,Reciprocatory Compressor,Good for families,20,3 Star,Toughened Glass Shelves,10 Years,1 Year,310 L
253,Panasonic,29990.0,4.5,12000.0,No Cost EMI,Inverter Compressor,Good for families,35,3 Star,Toughened Glass Shelves,10 Years,1 Year,336 L
254,Whirlpool,29999.0,4.1,0.0,,Normal Compressor,Good for families,35,2 Star,Toughened Glass Shelves,10 Years,1 Year,340 L
255,Whirlpool,25990.0,4.3,12000.0,No Cost EMI,Normal Compressor,Good for families,20,1 Star,Toughened Glass Shelves,10 Years,1 Year,292 L
256,Samsung,19590.0,4.4,12000.0,No Cost EMI,Digital Inverter Compressor,Good for families,35,2 Star,Toughened Glass Shelves,10 Years,1 Year,253 L
257,LG,21990.0,4.3,12000.0,No Cost EMI,Smart Inverter Compressor,Good for families,20,3 Star,Toughened Glass Shelves,10 Years,1 Year,260 L
258,Sansui,21490.0,4.3,12000.0,,Inverter Compressor,Good for families,20,3 Star,Toughened Glass Shelves,10 Years,1 Year,271 L
259,LG,26690.0,4.2,0.0,,Inverter Linear Compressor,Good for families,20,2 Star,Toughened Glass Shelves,10 Years,1 Year,260 L
260,Samsung,19690.0,5.0,0.0,,Digital Inverter Compressor,Good for families,35,3 Star,Toughened Glass Shelves,10 Years,1 Year,253 L
261,LG,24990.0,4.6,0.0,,Inverter Linear Compressor,Good for large,20,2 Star,Toughened Glass Shelves,10 Years,1 Year,260 L
262,LG,21300.0,,0.0,,Smart Inverter Compressor,Good for families,35,2 Star,Toughened Glass Shelves,10 Years,1 Year,260 L
263,Samsung,31750.0,4.3,0.0,,Digital Inverter Compressor,Good for families,20,2 Star,Toughened Glass Shelves,10 Years,1 Year,314 L
264,Samsung,24480.0,4.3,0.0,,Digital Inverter Compressor,Good for large,20,3 Star,Toughened Glass Shelves,10 Years,1 Year,253 L
265,Samsung,23590.0,4.3,12000.0,No Cost EMI,Digital Inverter Compressor,Good for families,20,2 Star,Toughened Glass Shelves,10 Years,1 Year,253 L
266,Samsung,41230.0,4.5,0.0,,Digital Inverter Compressor,Good for families,35,3 Star,Toughened Glass Shelves,10 Years,1 Year,415 L
267,LG,34490.0,3.8,12000.0,No Cost EMI,Smart Inverter Compressor,Good for families,35,2 Star,Toughened Glass Shelves,10 Years,1 Year,335 L
268,LG,19690.0,5.0,0.0,,Smart Inverter Compressor,Good for families,35,2 Star,Toughened Glass Shelves,10 Years,1 Year,260 L
269,Samsung,75800.0,4.6,12000.0,No Cost EMI,Digital Inverter Compressor,Good for families,35,2 Star,Wired Shelves,10 Years,1 Year,670 L
270,Panasonic,28990.0,4.5,12000.0,No Cost EMI,Inverter Compressor,Good for families,35,3 Star,Toughened Glass Shelves,10 Years,1 Year,335 L
271,Samsung,23040.0,4.3,12000.0,No Cost EMI,Digital Inverter Compressor,Good for families,35,3 Star,Toughened Glass Shelves,10 Years,1 Year,253 L
272,LG,29990.0,4.4,0.0,,Inverter Linear Compressor,Good for families,20,3 Star,Toughened Glass Shelves,10 Years,1 Year,284 L
273,LG,26231.0,4.1,0.0,,Inverter Linear Compressor,Good for families,20,3 Star,Toughened Glass Shelves,10 Years,1 Year,260 L
274,Whirlpool,26500.0,,0.0,,Inverter Compressor,Good for families,35,3 Star,Toughened Glass Shelves,10 Years,1 Year,292 L
275,Samsung,25990.0,4.3,12000.0,No Cost EMI,Digital Inverter Compressor,Good for families,35,3 Star,Toughened Glass Shelves,10 Years,1 Year,244 L
276,LG,36785.0,4.7,0.0,,Inverter Linear Compressor,Good for families,35,2 Star,Toughened Glass Shelves,10 Years,1 Year,335 L
277,Whirlpool,18500.0,4.0,0.0,,Digital Inverter,Good for families,35,2 Star,Toughened Glass Shelves,10 Years,1 Year,245 L
278,Whirlpool,20280.0,,0.0,,Digital Inverter,Good for families,35,3 Star,Toughened Glass Shelves,10 Years,1 Year,245 L
279,Whirlpool,24990.0,4.2,0.0,,Inverter Compressor,Good for families,20,3 Star,Toughened Glass Shelves,10 Years,1 Year,265 L
280,Sansui,25490.0,4.3,12000.0,,Inverter Compressor,Good for families,20,3 Star,Toughened Glass Shelves,10 Years,1 Year,338 L
281,Bosch,30929.0,,0.0,,Inverter,Good for families,20,3 Star,Toughened Glass Shelves,10 Years,1 Year,330 L
282,Samsung,28150.0,4.4,0.0,,Digital Inverter Compressor,Good for families,20,3 Star,Toughened Glass Shelves,10 Years,1 Year,275 L
283,LG,31599.0,4.5,0.0,,Inverter Linear Compressor,Good for families,20,2 Star,Toughened Glass Shelves,10 Years,1 Year,284 L
284,MarQ,23490.0,4.4,12000.0,No Cost EMI,Inverter Compressor,Good for families,20,2 Star,Toughened Glass Shelves,10 Years,1 Year,338 L
285,Samsung,30490.0,4.7,0.0,,Digital Inverter Compressor,Good for families,35,2 Star,Toughened Glass Shelves,10 Years,1 Year,324 L
286,Whirlpool,22490.0,4.3,12000.0,No Cost EMI,Normal Compressor,Good for families,35,2 Star,Toughened Glass Shelves,10 Years,1 Year,265 L
287,Samsung,25200.0,5.0,0.0,,Digital Inverter Compressor,Good for families,20,2 Star,Toughened Glass Shelves,10 Years,1 Year,244 L
288,Samsung,22990.0,,0.0,,Digital Inverter Compressor,Good for families,20,2 Star,Toughened Glass Shelves,10 Years,1 Year,253 L
289,LG,29160.0,3.0,0.0,,Inverter Linear Compressor,Good for families,20,3 Star,Toughened Glass Shelves,10 Years,1 Year,284 L
290,Samsung,34700.0,,0.0,,Digital Inverter Compressor,Good for large,35,3 Star,Toughened Glass Shelves,10 Years,1 Year,253 L
291,Samsung,23590.0,4.3,12000.0,No Cost EMI,Digital Inverter Compressor,Good for families,35,2 Star,Toughened Glass Shelves,10 Years,1 Year,245 L
292,Whirlpool,19815.0,3.7,0.0,,Digital Inverter,Good for families,35,2 Star,Toughened Glass Shelves,10 Years,1 Year,308 L
293,LG,28990.0,4.5,12000.0,No Cost EMI,Smart Inverter,Good for families,20,2 Star,Toughened Glass Shelves,10 Years,1 Year,230 L
294,Voltas,19149.0,,0.0,,Inverter Compressor,Good for families,20,3 Star,Wired Shelves,10 Years,1 Year,253 L
295,Samsung,23040.0,4.3,12000.0,No Cost EMI,Digital Inverter Compressor,Good for families,20,3 Star,Toughened Glass Shelves,10 Years,1 Year,547 L
296,LG,60990.0,,12000.0,No Cost EMI,Inverter Linear Compressor,Good for families,35,3 Star,Toughened Glass Shelves,10 Years,1 Year,244 L
297,Samsung,29100.0,4.0,0.0,,Digital Inverter Compressor,Good for families,20,2 Star,Toughened Glass Shelves,10 Years,1 Year,253 L
298,Samsung,23990.0,4.0,0.0,,Digital Inverter Compressor,Good for large,20,2 Star,Toughened Glass Shelves,10 Years,1 Year,245 L
299,Whirlpool,21490.0,4.3,0.0,,Digital Inverter,Good for families,35,2 Star,Toughened Glass Shelves,10 Years,1 Year,260 L
300,LG,24990.0,4.3,0.0,,Smart Inverter Compressor,Good for families,35,3 Star,Toughened Glass Shelves,10 Years,1 Year,244 L
301,Samsung,25990.0,4.3,12000.0,No Cost EMI,Digital Inverter Compressor,Good for families,20,2 Star,Toughened Glass Shelves,10 Years,1 Year,253 L
302,Samsung,19400.0,4.9,0.0,,Digital Inverter Compressor,Good for families,45,2 Star,Toughened Glass Shelves,10 Years,1 Year,271 L
303,MarQ,18990.0,4.4,12000.0,No Cost EMI,Inverter Compressor,Good for families,35,3 Star,Toughened Glass Shelves,10 Years,1 Year,440 L
304,Whirlpool,43990.0,4.3,12000.0,No Cost EMI,Intellisense Inverter,Good for families,35,3 Star,Toughened Glass Shelves,10 Years,1 Year,360 L
305,LG,39790.0,4.2,0.0,,Inverter Linear Compressor,Good for families,35,2 Star,Toughened Glass Shelves,10 Years,1 Year,265 L
306,Whirlpool,21990.0,4.3,0.0,,Normal Compressor,Good for families,35,4 Star,Toughened Glass Shelves,10 Years,1 Year,265 L
307,Whirlpool,22990.0,4.3,12000.0,No Cost EMI,Inverter Compressor,Good for large,20,3 Star,Toughened Glass Shelves,10 Years,1 Year,336 L
308,Panasonic,34490.0,,12000.0,No Cost EMI,Inverter Compressor,Good for families,20,3 Star,Toughened Glass Shelves,10 Years,1 Year,318 L
309,Hitachi,30399.0,,0.0,,Digital Inverter Compressor,Good for families,20,3 Star,Wired Shelves,10 Years,1 Year,360 L
310,LG,37800.0,,0.0,,Inverter Linear Compressor,Good for families,35,3 Star,Toughened Glass Shelves,10 Years,1 Year,253 L
311,Samsung,28500.0,4.1,0.0,,Digital Inverter Compressor,Good for families,20,2 Star,Toughened Glass Shelves,10 Years,1 Year,394 L
312,Samsung,42999.0,,0.0,,Digital Inverter Compressor,Good for families,35,2 Star,Toughened Glass Shelves,10 Years,1 Year,437 L
313,LG,44730.0,4.3,0.0,,Inverter Linear Compressor,Good for large,20,2 Star,Toughened Glass Shelves,10 Years,1 Year,253 L
314,Samsung,22990.0,3.4,0.0,,Digital Inverter Compressor,Good for families,35,3 Star,Toughened Glass Shelves,10 Years,1 Year,253 L
315,Samsung,23590.0,4.3,12000.0,No Cost EMI,Digital Inverter Compressor,Good for families,20,2 Star,Toughened Glass Shelves,10 Years,1 Year,255 L
316,Godrej,19690.0,4.3,0.0,,Inverter Compressor,Good for families,35,3 Star,Toughened Glass Shelves,10 Years,1 Year,258 L
317,Haier,24739.0,4.5,0.0,,Inverter,Good for families,20,2 Star,Toughened Glass Shelves,10 Years,1 Year,275 L
318,Samsung,25900.0,4.8,0.0,,Digital Inverter Compressor,Good for families,20,3 Star,Toughened Glass Shelves,10 Years,1 Year,471 L
319,LG,57990.0,,0.0,,Inverter Linear Compressor,Good for families,35,2 Star,Toughened Glass Shelves,10 Years,1 Year,253 L
320,Samsung,27400.0,4.3,0.0,,Digital Inverter Compressor,Good for families,35,3 Star,Toughened Glass Shelves,10 Years,1 Year,253 L
321,Samsung,23040.0,4.3,12000.0,No Cost EMI,Digital Inverter Compressor,Good for families,20,2 Star,Toughened Glass Shelves,10 Years,1 Year,253 L
322,Samsung,21990.0,,0.0,,Digital Inverter Compressor,Good for families,20,2 Star,Toughened Glass Shelves,10 Years,1 Year,292 L
323,Whirlpool,24490.0,4.3,12000.0,No Cost EMI,Rotary Compressor,Good for families,20,3 Star,Toughened Glass Shelves,10 Years,1 Year,253 L
324,Samsung,28300.0,,0.0,,Digital Inverter Compressor,Good for families,35,3 Star,Toughened Glass Shelves,10 Years,1 Year,244 L
325,Samsung,25990.0,4.3,12000.0,No Cost EMI,Digital Inverter Compressor,Good for families,35,2 Star,Toughened Glass Shelves,9 Years,1 Year,292 L
326,Whirlpool,26490.0,4.3,12000.0,No Cost EMI,Normal Compressor,Good for large,35,2 Star,Toughened Glass Shelves,2 Years,1 Year,324 L
327,Samsung,29292.0,4.3,0.0,,Digital Inverter Compressor,Good for families,35,2 Star,Toughened Glass Shelves,12 Years,1 Year,314 L
328,Samsung,35389.0,4.8,0.0,,Digital Inverter Compressor,Good for families,20,3 Star,Toughened Glass Shelves,10 Years,1 Year,292 L
329,Whirlpool,24990.0,4.3,12000.0,,Reciprocatory Compressor,Good for large,20,3 Star,Toughened Glass Shelves,10 Years,1 Year,284 L
330,LG,27890.0,4.3,0.0,,Inverter Linear,Good for families,20,3 Star,Toughened Glass Shelves,10 Years,1 Year,307 L
331,Panasonic,30900.0,4.5,0.0,,Inverter Compressor,Good for families,35,3 Star,Toughened Glass Shelves,10 Years,1 Year,500 L
332,Whirlpool,49990.0,4.3,12000.0,No Cost EMI,Intellisense Inverter,Good for families,20,2 Star,Toughened Glass Shelves,10 Years,1 Year,265 L
333,Whirlpool,19985.0,,0.0,,Digital Inverter,Good for families,20,2 Star,Toughened Glass Shelves,10 Years,1 Year,394 L
334,Samsung,38120.0,4.5,0.0,,Digital Inverter Compressor,Good for families,35,2 Star,Wired Shelves,10 Years,1 Year,437 L
335,LG,42290.0,,0.0,,Smart Inverter Compressor,Good for families,35,3 Star,Toughened Glass Shelves,10 Years,1 Year,345 L
336,Samsung,32490.0,4.4,12000.0,No Cost EMI,Digital Inverter Compressor,Good for families,35,2 Star,Toughened Glass Shelves,10 Years,1 Year,265 L
337,Whirlpool,25499.0,,0.0,,Normal Compressor,Good for families,20,2 Star,Toughened Glass Shelves,10 Years,1 Year,336 L
338,Samsung,38430.0,,0.0,,Digital Inverter Compressor,Good for families,35,3 Star,Toughened Glass Shelves,10 Years,1 Year,244 L
339,Samsung,29900.0,4.5,0.0,,Digital Inverter Compressor,Good for families,20,3 Star,Toughened Glass Shelves,10 Years,1 Year,241 L
340,Godrej,19999.0,4.3,0.0,,Reciprocating Compressor,Good for large,35,3 Star,Toughened Glass Shelves,10 Years,1 Year,253 L
341,Samsung,23590.0,4.3,12000.0,No Cost EMI,Digital Inverter Compressor,Good for families,35,2 Star,Toughened Glass Shelves,10 Years,1 Year,292 L
342,Whirlpool,26990.0,,0.0,,Intellisense Inverter,Good for families,20,3 Star,Toughened Glass Shelves,10 Years,1 Year,244 L
343,Samsung,29666.0,4.6,0.0,,Digital Inverter Compressor,Good for large,20,2 Star,Toughened Glass Shelves,10 Years,1 Year,255 L
344,Godrej,18490.0,4.3,12000.0,No Cost EMI,Reciprocating Compressor,Good for large,35,3 Star,Toughened Glass Shelves,10 Years,1 Year,253 L
345,Samsung,23040.0,4.3,12000.0,No Cost EMI,Digital Inverter Compressor,Good for families,35,3 Star,Toughened Glass Shelves,10 Years,1 Year,471 L
346,LG,59990.0,,0.0,,Inverter Linear Compressor,Good for families,35,2 Star,Toughened Glass Shelves,10 Years,1 Year,253 L
347,Samsung,23599.0,4.3,0.0,,Digital Inverter Compressor,Good for families,20,2 Star,Toughened Glass Shelves,10 Years,1 Year,260 L
348,LG,23890.0,3.9,0.0,,Smart Inverter Compressor,Good for families,35,3 Star,Toughened Glass Shelves,10 Years,1 Year,565 L
349,Hitachi,69990.0,4.2,12000.0,No Cost EMI,Inverter Compressor,Good for families,20,3 Star,Wired Shelves,10 Years,1 Year,471 L
350,LG,56590.0,4.7,0.0,,Inverter Linear Compressor,Good for families,20,3 Star,Toughened Glass Shelves,10 Years,1 Year,244 L
351,Samsung,25990.0,4.3,12000.0,No Cost EMI,Digital Inverter Compressor,Good for families,20,2 Star,Toughened Glass Shelves,10 Years,1 Year,253 L
352,Samsung,22490.0,,0.0,,Digital Inverter Compressor,Good for families,20,3 Star,Toughened Glass Shelves,10 Years,1 Year,360 L
353,LG,42380.0,3.7,0.0,,Inverter Linear Compressor,Good for couples,20,2 Star,Toughened Glass Shelves,10 Years,1 Year,253 L
354,Samsung,21990.0,5.0,0.0,,Digital Inverter Compressor,Good for families,35,2 Star,Toughened Glass Shelves,10 Years,1 Year,268 L
355,Panasonic,22990.0,4.5,12000.0,No Cost EMI,Inverter Compressor,Good for families,20,2 Star,Toughened Glass Shelves,10 Years,1 Year,343 L
356,Godrej,29990.0,4.2,12000.0,No Cost EMI,Rotary Compressor,Good for families,35,2 Star,Toughened Glass Shelves,10 Years,1 Year,290 L
357,Bosch,25990.0,4.3,12000.0,No Cost EMI,Normal Compressor,Good for large,35,2 Star,Toughened Glass Shelves,10 Years,1 Year,260 L
358,LG,23990.0,,0.0,,Smart Inverter Compressor,Good for large,35,3 Star,Toughened Glass Shelves,10 Years,1 Year,190 L
359,Godrej,23490.0,,0.0,,Inverter Compressor,Good for families,20,2 Star,Toughened Glass Shelves,10 Years,1 Year,308 L
360,Sansui,23490.0,4.3,12000.0,No Cost EMI,Inverter Compressor,Good for families,35,3 Star,Toughened Glass Shelves,10 Years,1 Year,253 L
361,Samsung,23590.0,4.3,12000.0,No Cost EMI,Digital Inverter Compressor,Good for families,20,3 Star,Toughened Glass Shelves,10 Years,1 Year,360 L
362,LG,41990.0,4.5,0.0,,Inverter Linear Compressor,Good for families,35,3 Star,Toughened Glass Shelves,10 Years,1 Year,437 L
363,LG,51990.0,4.7,0.0,,Inverter Linear Compressor,Good for families,20,2 Star,Toughened Glass Shelves,10 Years,1 Year,471 L
364,LG,53550.0,4.3,0.0,,Inverter Linear Compressor,Good for families,20,3 Star,Toughened Glass Shelves,10 Years,1 Year,253 L
365,Samsung,23040.0,4.3,12000.0,No Cost EMI,Digital Inverter Compressor,Good for families,35,2 Star,Toughened Glass Shelves,10 Years,1 Year,260 L
366,LG,23799.0,,0.0,,Smart Inverter Compressor,Good for families,35,3 Star,Toughened Glass Shelves,10 Years,1 Year,310 L
367,Haier,25849.0,4.3,0.0,,Reciprocatory Compressor,Good for families,35,2 Star,Toughened Glass Shelves,10 Years,1 Year,231 L
368,Godrej,18600.0,4.2,0.0,,Reciprocatory Compressor,Good for families,35,2 Star,Toughened Glass Shelves,10 Years,1 Year,335 L
369,LG,36990.0,,0.0,,Inverter Linear Compressor,Good for families,35,3 Star,Toughened Glass Shelves,10 Years,1 Year,335 L
370,LG,39490.0,,0.0,,Inverter Linear Compressor,Good for families,35,3 Star,Toughened Glass Shelves,10 Years,1 Year,244 L
371,Samsung,25990.0,4.3,12000.0,No Cost EMI,Digital Inverter Compressor,Good for families,20,3 Star,Toughened Glass Shelves,10 Years,1 Year,335 L
372,LG,39490.0,,0.0,,Inverter Linear Compressor,Good for families,35,3 Star,Toughened Glass Shelves,10 Years,1 Year,394 L
373,Samsung,39990.0,4.3,0.0,,Digital Inverter Compressor,Good for families,20,3 Star,Toughened Glass Shelves,10 Years,1 Year,260 L
374,LG,26290.0,3.3,0.0,,Inverter Linear Compressor,Good for families,35,3 Star,Toughened Glass Shelves,2 Years,1 Year,265 L
375,Samsung,31600.0,4.3,0.0,,Digital Inverter Compressor,Good for families,20,2 Star,Toughened Glass Shelves,10 Years,1 Year,253 L
376,Samsung,23800.0,,0.0,,Digital Inverter Compressor,Good for families,35,3 Star,Toughened Glass Shelves,10 Years,1 Year,284 L
377,LG,32703.0,,0.0,,Inverter Linear Compressor,Good for families,35,2 Star,Toughened Glass Shelves,10 Years,1 Year,250 L
378,Voltas,22199.0,,0.0,,ProSmart Inverter Compressor,Good for families,35,3 Star,Toughened Glass Shelves,10 Years,1 Year,278 L
379,Haier,26999.0,,0.0,,Inverter,Good for families,20,2 Star,Toughened Glass Shelves,10 Years,1 Year,253 L
380,Samsung,27500.0,4.8,0.0,,Digital Inverter Compressor,Good for large,45,3 Star,Toughened Glass Shelves,10 Years,1 Year,253 L
381,Samsung,27700.0,2.5,0.0,,Digital Inverter Compressor,Good for families,35,3 Star,Toughened Glass Shelves,10 Years,1 Year,308 L
382,LG,32920.0,4.5,0.0,,Inverter Linear Compressor,Good for families,20,3 Star,Toughened Glass Shelves,10 Years,1 Year,260 L
383,LG,26999.0,4.9,0.0,,Inverter Linear Compressor,Good for large,20,2 Star,Toughened Glass Shelves,10 Years,1 Year,265 L
384,Whirlpool,22259.0,,0.0,,Digital Inverter,Good for families,35,4 Star,Toughened Glass Shelves,10 Years,1 Year,311 L
385,Godrej,31990.0,4.1,0.0,,Inverter Compressor,Good for families,20,3 Star,Toughened Glass Shelves,10 Years,1 Year,470 L
386,Godrej,43200.0,,0.0,,Reciprocatory Compressor,Good for families,35,2 Star,Toughened Glass Shelves,10 Years,1 Year,253 L
387,Samsung,24490.0,3.8,0.0,,Digital Inverter Compressor,Good for families,20,2 Star,Toughened Glass Shelves,10 Years,1 Year,253 L
388,Samsung,22400.0,,0.0,,Digital Inverter Compressor,Good for large,35,3 Star,Toughened Glass Shelves,10 Years,1 Year,500 L
389,Whirlpool,49990.0,4.3,12000.0,No Cost EMI,Intellisense Inverter,Good for families,35,2 Star,Toughened Glass Shelves,10 Years,1 Year,253 L
390,Samsung,19447.0,4.1,0.0,,Digital Inverter Compressor,Good for families,35,3 Star,Toughened Glass Shelves,2 Years,1 Year,307 L
391,Panasonic,32490.0,,12000.0,No Cost EMI,Inverter Compressor,Good for families,20,2 Star,Toughened Glass Shelves,12 Years,1 Year,284 L
392,LG,30319.0,,0.0,,Inverter Linear Compressor,Good for families,20,3 Star,Toughened Glass Shelves,10 Years,1 Year,336 L
393,Panasonic,33690.0,4.5,0.0,,Inverter Compressor,Good for large,20,3 Star,Toughened Glass Shelves,10 Years,1 Year,599 L
394,Bosch,64585.0,3.9,0.0,,Inverter Compressor,Good for large,20,3 Star,Toughened Glass Shelves,10 Years,1 Year,253 L
395,Samsung,28300.0,,0.0,,Digital Inverter Compressor,Good for families,35,2 Star,Toughened Glass Shelves,10 Years,1 Year,284 L
396,LG,26599.0,4.5,0.0,,Smart Inverter Compressor,Good for families,20,2 Star,Toughened Glass Shelves,2 Years,1 Year,260 L
397,LG,26750.0,4.2,0.0,,Digital Inverter Compressor,Good for families,20,2 Star,Toughened Glass Shelves,10 Years,1 Year,271 L
398,Voltas,26599.0,,0.0,,ProSmart Inverter Compressor,Good for families,35,2 Star,Toughened Glass Shelves,10 Years,1 Year,466 L
399,Hitachi,55799.0,,0.0,,Inverter Compressor,Good for families,20,3 Star,Wired Shelves,10 Years,1 Year,470 L
